roll_year,roll_number,address,assessed_value,assessment_class,assessment_class_description,re_assessed_value,comm_code,comm_name,multipolygon,land_use_designation,property_type,land_size_sm,land_size_sf,land_size_ac,nr_assessed_value,year_of_construction,sub_property_use
2022,2004505,3420 80 AV NE,963500.0,RE,Residential,963500.0,CIA,CALGARY INTERNATIONAL AIRPORT,"{'type': 'MultiPolygon', 'coordinates': [[[[-113.9845515, 51.1252973], [-113.9845517, 51.1261217], [-113.9873154, 51.1261164], [-113.9873154, 51.1252919], [-113.9845515, 51.1252973]]]]}",S-FUD,LO,17742.6,190986.0,4.38,,,
2022,3000502,9220R 36 ST NE,384000.0,NR,Non-residential,,SRI,SADDLE RIDGE INDUSTRIAL,"{'type': 'MultiPolygon', 'coordinates': [[[[-113.9772801, 51.1360132], [-113.9785863, 51.1360142], [-113.9785872, 51.1356471], [-113.9785881, 51.1351897], [-113.9772817, 51.1351886], [-113.9772808, 51.1356461], [-113.9772801, 51.1360132]]]]}",S-SPR,LO,8386.0,90269.0,2.07,384000.0,,
2022,3001401,4515 88 AV NE,597500.0,RE,Residential,597500.0,SAD,SADDLE RIDGE,"{'type': 'MultiPolygon', 'coordinates': [[[[-113.9698947, 51.1306982], [-113.9696428, 51.130698], [-113.9695568, 51.1306951], [-113.9695556, 51.1306979], [-113.9689074, 51.1306957], [-113.9685697, 51.1306948], [-113.9685697, 51.1307497], [-113.9685697, 51.1311992], [-113.9685696, 51.1312208], [-113.9685694, 51.1315291], [-113.9685694, 51.1315453], [-113.9685694, 51.1315506], [-113.9685691, 51.1318696], [-113.9685691, 51.1318912], [-113.968569, 51.1320352], [-113.968569, 51.1320568], [-113.9685687, 51.132334], [-113.9685687, 51.1323503], [-113.9685687, 51.1324364], [-113.9695554, 51.1324368], [-113.9696426, 51.1324369], [-113.9698925, 51.132437], [-113.9698947, 51.1306982]]]]}",S-FUD,LI,17934.6,193053.0,4.43,,1972.0,RAWDL
2022,200414878,102 417 3 AV NE,262500.0,RE,Residential,262500.0,CRE,CRESCENT HEIGHTS,"{'type': 'MultiPolygon', 'coordinates': [[[[-114.0530129, 51.0551744], [-114.0535529, 51.055177], [-114.0535546, 51.0548465], [-114.0530135, 51.0548453], [-114.0530129, 51.0551744]]]]}",M-C2,LI,1380.0,14855.0,0.34,,2003.0,
2022,3002003,5111 88 AV NE,565000.0,RE,Residential,565000.0,SAD,SADDLE RIDGE,"{'type': 'MultiPolygon', 'coordinates': [[[[-113.9613031, 51.1311861], [-113.9613036, 51.1307406], [-113.9613036, 51.1307352], [-113.9613036, 51.1307268], [-113.9613037, 51.1306858], [-113.960577, 51.1306849], [-113.95985, 51.130684], [-113.95985, 51.1307251], [-113.95985, 51.1307388], [-113.9598479, 51.1324231], [-113.9613015, 51.132425], [-113.9613016, 51.132402], [-113.9613022, 51.1318889], [-113.9613028, 51.1313964], [-113.9613028, 51.1313748], [-113.9613031, 51.1311861]]]]}",S-FUD,LI,19684.6,211890.0,4.86,,1960.0,RAWDL
2022,200414886,201 417 3 AV NE,244000.0,RE,Residential,244000.0,CRE,CRESCENT HEIGHTS,"{'type': 'MultiPolygon', 'coordinates': [[[[-114.0530129, 51.0551744], [-114.0535529, 51.055177], [-114.0535546, 51.0548465], [-114.0530135, 51.0548453], [-114.0530129, 51.0551744]]]]}",M-C2,LI,1380.0,14855.0,0.34,,2003.0,
2022,3002102,8825 52 ST NE,710500.0,RE,Residential,710500.0,SAD,SADDLE RIDGE,"{'type': 'MultiPolygon', 'coordinates': [[[[-113.95985, 51.130684], [-113.9585403, 51.1306824], [-113.958538, 51.1324212], [-113.9598479, 51.1324231], [-113.95985, 51.1307388], [-113.95985, 51.1307251], [-113.95985, 51.130684]]]]}",DC,LI,17740.4,190962.0,4.38,,2003.0,RAWDL
2023,53020301,4723 MEMORIAL DR SE,369000.0,RE,Residential,369000.0,FHT,FOREST HEIGHTS,"{'type': 'MultiPolygon', 'coordinates': [[[[-113.965537, 51.0524128], [-113.9655379, 51.0527142], [-113.9657726, 51.0527139], [-113.9657716, 51.0524126], [-113.965537, 51.0524128]]]]}",R-C1,LI,551.4,5935.0,0.14,,1968.0,RE0110
2022,200414944,2 316 CEDAR CR SW,177000.0,RE,Residential,177000.0,SPR,SPRUCE CLIFF,"{'type': 'MultiPolygon', 'coordinates': [[[[-114.1333843, 51.0508899], [-114.1338792, 51.0510607], [-114.1343756, 51.0507497], [-114.1342641, 51.0507038], [-114.1341554, 51.0506553], [-114.1340496, 51.0506043], [-114.1333843, 51.0508899]]]]}",M-C1,LI,1666.0,17933.0,0.41,,1965.0,
2022,3002201,8607 52 ST NE,456500.0,RE,Residential,456500.0,SAD,SADDLE RIDGE,"{'type': 'MultiPolygon', 'coordinates': [[[[-113.9598478, 51.1289459], [-113.9585378, 51.1289449], [-113.9585366, 51.1306841], [-113.9598466, 51.1306854], [-113.959847, 51.1302043], [-113.9598471, 51.1300106], [-113.9598471, 51.1299889], [-113.9598473, 51.1296344], [-113.9598478, 51.1289989], [-113.9598478, 51.1289499], [-113.9598478, 51.1289459]]]]}","DC,M-H2,S-SPR",LO,17740.5,190964.0,4.38,,,RAWDL
2023,10104503,111 HUNTINGTON GR NE,466500.0,RE,Residential,466500.0,HUN,HUNTINGTON HILLS,"{'type': 'MultiPolygon', 'coordinates': [[[[-114.0553387, 51.1217401], [-114.0555259, 51.1217403], [-114.0555266, 51.1214636], [-114.0553394, 51.1214635], [-114.0553387, 51.1217401]]]]}",R-C1,LI,403.3,4341.0,0.1,,1972.0,RE0110
2022,3002904,8608 METIS TR NE,580000.0,RE,Residential,580000.0,SAD,SADDLE RIDGE,"{'type': 'MultiPolygon', 'coordinates': [[[[-113.9698965, 51.1289585], [-113.9696437, 51.1289577], [-113.9695565, 51.1289575], [-113.9685699, 51.1289545], [-113.9685699, 51.1289584], [-113.9685699, 51.1290394], [-113.9685699, 51.1292572], [-113.9685699, 51.1292734], [-113.9685699, 51.1292788], [-113.9685698, 51.1295645], [-113.9685698, 51.1295861], [-113.9685697, 51.1306948], [-113.9695556, 51.1306979], [-113.9696428, 51.130698], [-113.9698947, 51.1306982], [-113.9698965, 51.1289585]]]]}",S-FUD,LI,17971.2,193447.0,4.44,,1969.0,RAWDL
2022,3003100,4615 84 AV NE,584500.0,RE,Residential,584500.0,SAD,SADDLE RIDGE,"{'type': 'MultiPolygon', 'coordinates': [[[[-113.9671193, 51.1287738], [-113.9685725, 51.1287754], [-113.9685745, 51.127092], [-113.9685746, 51.1270372], [-113.9685419, 51.1270372], [-113.9671214, 51.1270355], [-113.9671193, 51.1287738]]]]}",S-FUD,LI,19684.4,211889.0,4.86,,1966.0,RAWDL
2022,3003209,4719 84 AV NE,581000.0,RE,Residential,581000.0,SAD,SADDLE RIDGE,"{'type': 'MultiPolygon', 'coordinates': [[[[-113.9656682, 51.1270337], [-113.9656661, 51.1287721], [-113.9671193, 51.1287738], [-113.9671214, 51.1270355], [-113.9662273, 51.1270344], [-113.9661616, 51.1270343], [-113.9656682, 51.1270337]]]]}",S-FUD,LI,19686.8,211914.0,4.86,,1961.0,RAWDL
2022,3003308,4811 84 AV NE,612000.0,RE,Residential,612000.0,SAD,SADDLE RIDGE,"{'type': 'MultiPolygon', 'coordinates': [[[[-113.9642093, 51.12877], [-113.9656629, 51.1287713], [-113.9656639, 51.1270325], [-113.9642098, 51.1270307], [-113.9642093, 51.12877]]]]}",S-FUD,LI,19688.8,211935.0,4.87,,1968.0,"RAWDL,RE0100"
2022,3003407,4907 84 AV NE,676500.0,RE,Residential,676500.0,SAD,SADDLE RIDGE,"{'type': 'MultiPolygon', 'coordinates': [[[[-113.9627557, 51.1287686], [-113.9642093, 51.12877], [-113.9642098, 51.1270307], [-113.9627558, 51.1270289], [-113.9627557, 51.1287686]]]]}",S-FUD,LI,19690.8,211957.0,4.87,,1960.0,RAWDL
2022,3003506,5029 84 AV NE,587000.0,RE,Residential,587000.0,SAD,SADDLE RIDGE,"{'type': 'MultiPolygon', 'coordinates': [[[[-113.9613021, 51.1287672], [-113.9627557, 51.1287686], [-113.9627558, 51.1270289], [-113.9613017, 51.1270276], [-113.9613021, 51.1287672]]]]}",S-FUD,LI,19693.0,211980.0,4.87,,1968.0,
2022,3003605,5119 84 AV NE,598000.0,RE,Residential,598000.0,SAD,SADDLE RIDGE,"{'type': 'MultiPolygon', 'coordinates': [[[[-113.9598481, 51.1287656], [-113.9613021, 51.1287672], [-113.9613017, 51.1270276], [-113.9598485, 51.1270266], [-113.9598481, 51.1287656]]]]}",S-FUD,LI,19698.3,212037.0,4.87,,1967.0,
2022,3003704,8415 52 ST NE,577000.0,RE,Residential,577000.0,SAD,SADDLE RIDGE,"{'type': 'MultiPolygon', 'coordinates': [[[[-113.9585373, 51.1270245], [-113.9585378, 51.1287641], [-113.9598481, 51.1287656], [-113.9598485, 51.1270266], [-113.9585373, 51.1270245]]]]}",S-CI,LI,17750.9,191076.0,4.39,,1965.0,RAWDL
2022,4000501,6804 89 AV NE,2100000.0,RE,Residential,2100000.0,SAD,SADDLE RIDGE,"{'type': 'MultiPolygon', 'coordinates': [[[[-113.9407112, 51.1352722], [-113.9407111, 51.1351791], [-113.940711, 51.1350859], [-113.9407109, 51.1349927], [-113.9407108, 51.1348996], [-113.9407107, 51.1348064], [-113.9407105, 51.1346529], [-113.9407102, 51.1344055], [-113.9407101, 51.1342383], [-113.9407099, 51.1340889], [-113.9407099, 51.1340886], [-113.9394035, 51.1340894], [-113.9394037, 51.1343624], [-113.9394039, 51.1345061], [-113.9394039, 51.1345277], [-113.9394042, 51.1347758], [-113.9394044, 51.1350238], [-113.9394045, 51.1350454], [-113.9394046, 51.1351892], [-113.9394046, 51.1352107], [-113.9394049, 51.1354588], [-113.9394771, 51.135459], [-113.9396251, 51.1354589], [-113.9397731, 51.1354589], [-113.9399298, 51.1354588], [-113.9400866, 51.1354588], [-113.9402433, 51.1354587], [-113.9404, 51.1354587], [-113.9405568, 51.1354586], [-113.9407114, 51.1354585], [-113.9407113, 51.1353654], [-113.9407112, 51.1352722]]]]}",S-FUD,LI,13928.4,149929.0,3.44,,1973.0,RE0100
2023,10104602,113 HUNTINGTON GR NE,470000.0,RE,Residential,470000.0,HUN,HUNTINGTON HILLS,"{'type': 'MultiPolygon', 'coordinates': [[[[-114.0555259, 51.1217403], [-114.0557087, 51.1217404], [-114.0557094, 51.1214638], [-114.0555266, 51.1214636], [-114.0555259, 51.1217403]]]]}",R-C1,LI,393.9,4240.0,0.1,,1972.0,RE0110
2022,4000907,6827 89 AV NE,2780000.0,RE,Residential,2780000.0,SAD,SADDLE RIDGE,"{'type': 'MultiPolygon', 'coordinates': [[[[-113.9367784, 51.1325245], [-113.9366218, 51.1325245], [-113.9364564, 51.1325245], [-113.9362997, 51.1325245], [-113.9361344, 51.1325245], [-113.935969, 51.1325245], [-113.9357127, 51.1325245], [-113.9353722, 51.1325238], [-113.9353761, 51.1338107], [-113.9355067, 51.1338929], [-113.9367919, 51.1338925], [-113.9367869, 51.1325245], [-113.9367784, 51.1325245]]]]}","R-G,R-Gm",LO,15051.0,162013.0,3.72,,,"RAWDL,RE0100"
2022,4001103,6811 89 AV NE,2220000.0,RE,Residential,2220000.0,SAD,SADDLE RIDGE,"{'type': 'MultiPolygon', 'coordinates': [[[[-113.9393932, 51.1325226], [-113.9392365, 51.1325227], [-113.9390798, 51.1325227], [-113.938923, 51.1325228], [-113.9387663, 51.1325228], [-113.9386096, 51.1325229], [-113.9384528, 51.1325229], [-113.9382961, 51.132523], [-113.9380969, 51.1325231], [-113.938098, 51.133892], [-113.9394042, 51.1338916], [-113.939403, 51.1325224], [-113.9393932, 51.1325226]]]]}",S-FUD,LI,13927.7,149922.0,3.44,,1973.0,"RAWDL,RE0100"
2023,10104701,115 HUNTINGTON GR NE,400000.0,RE,Residential,400000.0,HUN,HUNTINGTON HILLS,"{'type': 'MultiPolygon', 'coordinates': [[[[-114.0557087, 51.1217404], [-114.0558915, 51.1217406], [-114.0558923, 51.121464], [-114.0557094, 51.1214638], [-114.0557087, 51.1217404]]]]}",R-C1,LI,393.9,4240.0,0.1,,1972.0,RE0110
2022,4001301,655 SADDLECREEK WY NE,448000.0,RE,Residential,448000.0,SAD,SADDLE RIDGE,"{'type': 'MultiPolygon', 'coordinates': [[[[-113.9544257, 51.1253497], [-113.9543365, 51.1253488], [-113.9543179, 51.1253498], [-113.9542998, 51.1253529], [-113.9542829, 51.1253578], [-113.9542676, 51.1253646], [-113.9542544, 51.1253729], [-113.9542437, 51.1253825], [-113.9542358, 51.1253931], [-113.954231, 51.1254045], [-113.9542294, 51.1254162], [-113.9542292, 51.1256893], [-113.9542935, 51.1257298], [-113.9544262, 51.1257298], [-113.9544257, 51.1253497]]]]}",R-1N,LI,561.5,6044.0,0.14,,2000.0,
2022,4001400,651 SADDLECREEK WY NE,455000.0,RE,Residential,455000.0,SAD,SADDLE RIDGE,"{'type': 'MultiPolygon', 'coordinates': [[[[-113.9544257, 51.1253497], [-113.9544262, 51.1257298], [-113.9545916, 51.1257298], [-113.9545911, 51.1253496], [-113.9544257, 51.1253497]]]]}",R-1N,LI,491.0,5285.0,0.12,,2001.0,
2022,4001509,647 SADDLECREEK WY NE,467500.0,RE,Residential,467500.0,SAD,SADDLE RIDGE,"{'type': 'MultiPolygon', 'coordinates': [[[[-113.9545911, 51.1253496], [-113.9545916, 51.1257298], [-113.954757, 51.1257298], [-113.9547565, 51.1253495], [-113.9545911, 51.1253496]]]]}",R-1N,LI,491.0,5285.0,0.12,,2000.0,
2023,10104800,117 HUNTINGTON GR NE,456000.0,RE,Residential,456000.0,HUN,HUNTINGTON HILLS,"{'type': 'MultiPolygon', 'coordinates': [[[[-114.0558915, 51.1217406], [-114.0560743, 51.1217408], [-114.056075, 51.1214641], [-114.0558923, 51.121464], [-114.0558915, 51.1217406]]]]}",R-C1,LI,393.9,4240.0,0.1,,1973.0,RE0110
2022,4001608,643 SADDLECREEK WY NE,434500.0,RE,Residential,434500.0,SAD,SADDLE RIDGE,"{'type': 'MultiPolygon', 'coordinates': [[[[-113.9547565, 51.1253495], [-113.954757, 51.1257298], [-113.954805, 51.1257298], [-113.9548638, 51.1257291], [-113.9549224, 51.1257268], [-113.9549219, 51.1253494], [-113.9547565, 51.1253495]]]]}",R-1N,LI,490.1,5275.0,0.12,,2000.0,
2022,4001707,639 SADDLECREEK WY NE,480000.0,RE,Residential,480000.0,SAD,SADDLE RIDGE,"{'type': 'MultiPolygon', 'coordinates': [[[[-113.9549219, 51.1253494], [-113.9549224, 51.1257268], [-113.9550099, 51.1257206], [-113.9550878, 51.1257147], [-113.9550873, 51.1253494], [-113.9549219, 51.1253494]]]]}",R-1N,LI,479.4,5161.0,0.12,,2000.0,
2022,4001806,635 SADDLECREEK WY NE,437000.0,RE,Residential,437000.0,SAD,SADDLE RIDGE,"{'type': 'MultiPolygon', 'coordinates': [[[[-113.9550873, 51.1253494], [-113.9550878, 51.1257147], [-113.9551656, 51.1257111], [-113.9552436, 51.1257099], [-113.9552532, 51.1257099], [-113.9552527, 51.1253493], [-113.9550873, 51.1253494]]]]}",R-1N,LI,467.2,5029.0,0.12,,2000.0,
2022,4001905,631 SADDLECREEK WY NE,442000.0,RE,Residential,442000.0,SAD,SADDLE RIDGE,"{'type': 'MultiPolygon', 'coordinates': [[[[-113.9552527, 51.1253493], [-113.9552532, 51.1257099], [-113.9554186, 51.1257098], [-113.9554181, 51.1253492], [-113.9552527, 51.1253493]]]]}",R-1N,LI,465.2,5007.0,0.11,,2000.0,
2022,4002002,627 SADDLECREEK WY NE,439000.0,RE,Residential,439000.0,SAD,SADDLE RIDGE,"{'type': 'MultiPolygon', 'coordinates': [[[[-113.9554181, 51.1253492], [-113.9554186, 51.1257098], [-113.955584, 51.1257098], [-113.9555835, 51.1253491], [-113.9554181, 51.1253492]]]]}",R-1N,LI,465.0,5006.0,0.11,,2000.0,
2022,4002101,623 SADDLECREEK WY NE,451000.0,RE,Residential,451000.0,SAD,SADDLE RIDGE,"{'type': 'MultiPolygon', 'coordinates': [[[[-113.9555835, 51.1253491], [-113.955584, 51.1257098], [-113.9557407, 51.1257097], [-113.9557402, 51.125349], [-113.9555835, 51.1253491]]]]}",R-1N,LI,440.4,4741.0,0.11,,2000.0,
2022,4002200,619 SADDLECREEK WY NE,498000.0,RE,Residential,498000.0,SAD,SADDLE RIDGE,"{'type': 'MultiPolygon', 'coordinates': [[[[-113.9557402, 51.125349], [-113.9557407, 51.1257097], [-113.9559533, 51.1257096], [-113.9559528, 51.125349], [-113.9557402, 51.125349]]]]}",R-1N,LI,597.1,6428.0,0.15,,2001.0,
2022,4002309,615 SADDLECREEK WY NE,421500.0,RE,Residential,421500.0,SAD,SADDLE RIDGE,"{'type': 'MultiPolygon', 'coordinates': [[[[-113.9559528, 51.125349], [-113.9559533, 51.1257096], [-113.9561571, 51.1257095], [-113.9561566, 51.1253491], [-113.9559528, 51.125349]]]]}",R-1N,LI,572.5,6162.0,0.14,,1999.0,
2022,4002408,611 SADDLECREEK WY NE,424000.0,RE,Residential,424000.0,SAD,SADDLE RIDGE,"{'type': 'MultiPolygon', 'coordinates': [[[[-113.9561566, 51.1253491], [-113.9561571, 51.1257095], [-113.9563138, 51.1257094], [-113.9563133, 51.125349], [-113.9561566, 51.1253491]]]]}",R-1N,LI,440.0,4736.0,0.11,,2000.0,
2022,4002507,607 SADDLECREEK WY NE,442000.0,RE,Residential,442000.0,SAD,SADDLE RIDGE,"{'type': 'MultiPolygon', 'coordinates': [[[[-113.9563133, 51.125349], [-113.9563138, 51.1257094], [-113.9564705, 51.1257093], [-113.95647, 51.1253489], [-113.9563133, 51.125349]]]]}",R-1N,LI,439.8,4734.0,0.11,,2000.0,
2022,4002606,603 SADDLECREEK WY NE,509000.0,RE,Residential,509000.0,SAD,SADDLE RIDGE,"{'type': 'MultiPolygon', 'coordinates': [[[[-113.95647, 51.1253489], [-113.9564705, 51.1257093], [-113.9566272, 51.1257092], [-113.9566267, 51.1253488], [-113.95647, 51.1253489]]]]}",R-1N,LI,439.7,4733.0,0.11,,2000.0,
2022,4002705,601 SADDLECREEK WY NE,447000.0,RE,Residential,447000.0,SAD,SADDLE RIDGE,"{'type': 'MultiPolygon', 'coordinates': [[[[-113.9566267, 51.1253488], [-113.9566272, 51.1257092], [-113.9567839, 51.1257091], [-113.9567835, 51.1253487], [-113.9566267, 51.1253488]]]]}",R-1N,LI,439.6,4731.0,0.11,,2001.0,
2022,4002804,105 SADDLECREEK CO NE,484500.0,RE,Residential,484500.0,SAD,SADDLE RIDGE,"{'type': 'MultiPolygon', 'coordinates': [[[[-113.9567835, 51.1253487], [-113.9567839, 51.1257091], [-113.9569407, 51.125709], [-113.9569402, 51.1253487], [-113.9567835, 51.1253487]]]]}",R-1N,LI,439.4,4730.0,0.11,,2000.0,
2022,4002903,109 SADDLECREEK CO NE,408500.0,RE,Residential,408500.0,SAD,SADDLE RIDGE,"{'type': 'MultiPolygon', 'coordinates': [[[[-113.9569402, 51.1253487], [-113.9569407, 51.125709], [-113.9570974, 51.1257089], [-113.9570969, 51.1253486], [-113.9569402, 51.1253487]]]]}",R-1N,LI,439.3,4729.0,0.11,,1999.0,
2022,4003000,113 SADDLECREEK CO NE,522500.0,RE,Residential,522500.0,SAD,SADDLE RIDGE,"{'type': 'MultiPolygon', 'coordinates': [[[[-113.9570969, 51.1253486], [-113.9570974, 51.1257089], [-113.9571508, 51.1257089], [-113.9571861, 51.1257074], [-113.9572208, 51.1257028], [-113.9572541, 51.1256952], [-113.9572536, 51.1253485], [-113.9570969, 51.1253486]]]]}",R-1N,LI,435.6,4689.0,0.11,,2000.0,
2022,4003109,117 SADDLECREEK CO NE,379500.0,RE,Residential,379500.0,SAD,SADDLE RIDGE,"{'type': 'MultiPolygon', 'coordinates': [[[[-113.9572536, 51.1253485], [-113.9572541, 51.1256952], [-113.9572799, 51.1256869], [-113.9573042, 51.1256769], [-113.9573264, 51.1256652], [-113.957352, 51.1256525], [-113.9573806, 51.1256427], [-113.9574114, 51.125636], [-113.9574435, 51.1256327], [-113.9574431, 51.1253493], [-113.9572536, 51.1253485]]]]}",R-1N,LI,456.7,4916.0,0.11,,2000.0,
2022,4003208,116 SADDLECREEK CO NE,468000.0,RE,Residential,468000.0,SAD,SADDLE RIDGE,"{'type': 'MultiPolygon', 'coordinates': [[[[-113.9573701, 51.1258616], [-113.9573335, 51.1258519], [-113.9572951, 51.1258459], [-113.9572556, 51.1258437], [-113.957256, 51.1261447], [-113.9572647, 51.1261447], [-113.9574212, 51.1261446], [-113.9574212, 51.1261393], [-113.9574212, 51.1261339], [-113.9574206, 51.1259046], [-113.9574206, 51.1258727], [-113.9573947, 51.1258683], [-113.9573701, 51.1258616]]]]}",R-1N,LI,373.0,4015.0,0.09,,2000.0,
2022,4003307,112 SADDLECREEK CO NE,449000.0,RE,Residential,449000.0,SAD,SADDLE RIDGE,"{'type': 'MultiPolygon', 'coordinates': [[[[-113.9570905, 51.125844], [-113.9570903, 51.1261446], [-113.9570991, 51.1261446], [-113.9572557, 51.1261446], [-113.9572558, 51.1258439], [-113.9572525, 51.1258439], [-113.9570905, 51.125844]]]]}",R-1N,LI,388.0,4177.0,0.1,,2000.0,
2022,4003406,108 SADDLECREEK CO NE,453000.0,RE,Residential,453000.0,SAD,SADDLE RIDGE,"{'type': 'MultiPolygon', 'coordinates': [[[[-113.9569251, 51.1258441], [-113.956925, 51.1261447], [-113.9569337, 51.1261447], [-113.9570903, 51.1261446], [-113.9570905, 51.125844], [-113.9569251, 51.1258441]]]]}",R-1N,LI,388.0,4177.0,0.1,,2000.0,
2022,4003505,104 SADDLECREEK CO NE,491000.0,RE,Residential,491000.0,SAD,SADDLE RIDGE,"{'type': 'MultiPolygon', 'coordinates': [[[[-113.9567998, 51.1258441], [-113.9567356, 51.1258846], [-113.956736, 51.1261344], [-113.9567354, 51.1261448], [-113.9567574, 51.1261451], [-113.956925, 51.1261447], [-113.9569251, 51.1258441], [-113.9567998, 51.1258441]]]]}",R-1N,LI,434.5,4677.0,0.11,,2000.0,
2022,4003604,820 SADDLECREEK WY NE,474000.0,RE,Residential,474000.0,SAD,SADDLE RIDGE,"{'type': 'MultiPolygon', 'coordinates': [[[[-113.9517224, 51.1274827], [-113.9517577, 51.127505], [-113.95208, 51.1277088], [-113.9521975, 51.1276329], [-113.9518312, 51.1274134], [-113.9517224, 51.1274827]]]]}",R-1N,LI,399.1,4296.0,0.1,,2001.0,
2022,4003703,816 SADDLECREEK WY NE,493000.0,RE,Residential,493000.0,SAD,SADDLE RIDGE,"{'type': 'MultiPolygon', 'coordinates': [[[[-113.9518312, 51.1274134], [-113.9521975, 51.1276329], [-113.9523174, 51.1275504], [-113.9519401, 51.1273386], [-113.9518312, 51.1274134]]]]}",R-1N,LI,421.2,4534.0,0.1,,2000.0,
2022,4003802,812 SADDLECREEK WY NE,518000.0,RE,Residential,518000.0,SAD,SADDLE RIDGE,"{'type': 'MultiPolygon', 'coordinates': [[[[-113.9519401, 51.1273386], [-113.9523174, 51.1275504], [-113.9524331, 51.1274655], [-113.952045, 51.1272615], [-113.9519401, 51.1273386]]]]}",R-1N,LI,421.2,4534.0,0.1,,1999.0,
2022,4003901,808 SADDLECREEK WY NE,455000.0,RE,Residential,455000.0,SAD,SADDLE RIDGE,"{'type': 'MultiPolygon', 'coordinates': [[[[-113.952045, 51.1272615], [-113.9524331, 51.1274655], [-113.9525386, 51.127383], [-113.9521407, 51.1271866], [-113.952045, 51.1272615]]]]}",R-1N,LI,399.1,4296.0,0.1,,1999.0,
2022,4004008,764 SADDLECREEK WY NE,494500.0,RE,Residential,494500.0,SAD,SADDLE RIDGE,"{'type': 'MultiPolygon', 'coordinates': [[[[-113.9521407, 51.1271866], [-113.9525386, 51.127383], [-113.9526455, 51.1272937], [-113.9522377, 51.1271056], [-113.9521407, 51.1271866]]]]}",R-1N,LI,421.2,4534.0,0.1,,1999.0,
2022,4004107,760 SADDLECREEK WY NE,466000.0,RE,Residential,466000.0,SAD,SADDLE RIDGE,"{'type': 'MultiPolygon', 'coordinates': [[[[-113.9522377, 51.1271056], [-113.9526455, 51.1272937], [-113.9527478, 51.1272023], [-113.9523305, 51.1270227], [-113.9522377, 51.1271056]]]]}",R-1N,LI,421.2,4534.0,0.1,,2000.0,
2022,4004206,756 SADDLECREEK WY NE,458000.0,RE,Residential,458000.0,SAD,SADDLE RIDGE,"{'type': 'MultiPolygon', 'coordinates': [[[[-113.9523305, 51.1270227], [-113.9527478, 51.1272023], [-113.9528403, 51.1271138], [-113.9524144, 51.1269424], [-113.9523305, 51.1270227]]]]}",R-1N,LI,399.1,4296.0,0.1,,1999.0,
2022,4004305,752 SADDLECREEK WY NE,482000.0,RE,Residential,482000.0,SAD,SADDLE RIDGE,"{'type': 'MultiPolygon', 'coordinates': [[[[-113.9524987, 51.1268559], [-113.9524144, 51.1269424], [-113.9528403, 51.1271138], [-113.9529332, 51.1270185], [-113.9524987, 51.1268559]]]]}",R-1N,LI,421.2,4534.0,0.1,,2000.0,
2022,4004404,748 SADDLECREEK WY NE,529000.0,RE,Residential,529000.0,SAD,SADDLE RIDGE,"{'type': 'MultiPolygon', 'coordinates': [[[[-113.9524987, 51.1268559], [-113.9529332, 51.1270185], [-113.9530212, 51.1269214], [-113.9525786, 51.1267677], [-113.9524987, 51.1268559]]]]}",R-1N,LI,421.2,4534.0,0.1,,2000.0,
2022,4004503,744 SADDLECREEK WY NE,518500.0,RE,Residential,518500.0,SAD,SADDLE RIDGE,"{'type': 'MultiPolygon', 'coordinates': [[[[-113.9525786, 51.1267677], [-113.9530212, 51.1269214], [-113.9530999, 51.1268277], [-113.95265, 51.1266828], [-113.9525786, 51.1267677]]]]}",R-1N,LI,399.1,4296.0,0.1,,1999.0,
2022,4004602,740 SADDLECREEK WY NE,474000.0,RE,Residential,474000.0,SAD,SADDLE RIDGE,"{'type': 'MultiPolygon', 'coordinates': [[[[-113.95265, 51.1266828], [-113.9530999, 51.1268277], [-113.953178, 51.1267273], [-113.9527208, 51.1265916], [-113.95265, 51.1266828]]]]}",R-1N,LI,421.2,4534.0,0.1,,2000.0,
2022,4004701,736 SADDLECREEK WY NE,528500.0,RE,Residential,528500.0,SAD,SADDLE RIDGE,"{'type': 'MultiPolygon', 'coordinates': [[[[-113.9527208, 51.1265916], [-113.953178, 51.1267273], [-113.9532509, 51.1266253], [-113.9527869, 51.1264991], [-113.9527208, 51.1265916]]]]}",R-1N,LI,421.2,4534.0,0.1,,2000.0,
2022,4004800,732 SADDLECREEK WY NE,434500.0,RE,Residential,434500.0,SAD,SADDLE RIDGE,"{'type': 'MultiPolygon', 'coordinates': [[[[-113.9527869, 51.1264991], [-113.9532509, 51.1266253], [-113.953315, 51.1265274], [-113.9528451, 51.1264102], [-113.9527869, 51.1264991]]]]}",R-1N,LI,399.1,4296.0,0.1,,2000.0,
2022,4004909,728 SADDLECREEK WY NE,490500.0,RE,Residential,490500.0,SAD,SADDLE RIDGE,"{'type': 'MultiPolygon', 'coordinates': [[[[-113.9533682, 51.1264457], [-113.9529144, 51.1263054], [-113.9528687, 51.1263718], [-113.9528451, 51.1264102], [-113.953315, 51.1265274], [-113.9533411, 51.1264851], [-113.9533682, 51.1264457]]]]}",R-1N,LI,398.9,4293.0,0.1,,1999.0,
2023,10104909,119 HUNTINGTON GR NE,460000.0,RE,Residential,460000.0,HUN,HUNTINGTON HILLS,"{'type': 'MultiPolygon', 'coordinates': [[[[-114.0560743, 51.1217408], [-114.0562615, 51.121741], [-114.0562623, 51.1214643], [-114.056075, 51.1214641], [-114.0560743, 51.1217408]]]]}",R-C1,LI,403.3,4342.0,0.1,,1972.0,RE0110
2022,4005005,724 SADDLECREEK WY NE,459000.0,RE,Residential,459000.0,SAD,SADDLE RIDGE,"{'type': 'MultiPolygon', 'coordinates': [[[[-113.9530267, 51.1261881], [-113.9529665, 51.1262452], [-113.9529144, 51.1263054], [-113.9533682, 51.1264457], [-113.9533992, 51.1264099], [-113.953435, 51.1263759], [-113.9530267, 51.1261881]]]]}",R-1N,LI,431.8,4648.0,0.11,,1999.0,
2022,4005104,720 SADDLECREEK WY NE,502000.0,RE,Residential,502000.0,SAD,SADDLE RIDGE,"{'type': 'MultiPolygon', 'coordinates': [[[[-113.9531695, 51.1260849], [-113.9530945, 51.1261345], [-113.9530267, 51.1261881], [-113.953435, 51.1263759], [-113.9534753, 51.1263441], [-113.9535199, 51.1263145], [-113.9531695, 51.1260849]]]]}",R-1N,LI,431.8,4648.0,0.11,,1999.0,
2022,4005203,716 SADDLECREEK WY NE,473000.0,RE,Residential,473000.0,SAD,SADDLE RIDGE,"{'type': 'MultiPolygon', 'coordinates': [[[[-113.9533292, 51.1260028], [-113.9532467, 51.1260418], [-113.9531695, 51.1260849], [-113.9535199, 51.1263145], [-113.9535658, 51.1262889], [-113.9536148, 51.1262658], [-113.9533292, 51.1260028]]]]}",R-1N,LI,409.0,4403.0,0.1,,2002.0,
2022,4005302,712 SADDLECREEK WY NE,537500.0,RE,Residential,537500.0,SAD,SADDLE RIDGE,"{'type': 'MultiPolygon', 'coordinates': [[[[-113.9535186, 51.1259354], [-113.9534216, 51.1259665], [-113.9533292, 51.1260028], [-113.9536148, 51.1262658], [-113.9536697, 51.1262442], [-113.9537274, 51.1262257], [-113.9535186, 51.1259354]]]]}",R-1N,LI,431.8,4648.0,0.11,,2001.0,
2022,4005401,708 SADDLECREEK WY NE,517000.0,RE,Residential,517000.0,SAD,SADDLE RIDGE,"{'type': 'MultiPolygon', 'coordinates': [[[[-113.9535175, 51.1259354], [-113.9537278, 51.1262257], [-113.9537878, 51.1262104], [-113.9538497, 51.1261985], [-113.9537226, 51.1258896], [-113.9536529, 51.1259024], [-113.9535844, 51.1259177], [-113.9535175, 51.1259354]]]]}",R-1N,LI,431.8,4648.0,0.11,,2001.0,
2022,4005500,704 SADDLECREEK WY NE,509500.0,RE,Residential,509500.0,SAD,SADDLE RIDGE,"{'type': 'MultiPolygon', 'coordinates': [[[[-113.9539255, 51.1258676], [-113.9538239, 51.125876], [-113.9537237, 51.1258896], [-113.9538493, 51.1261985], [-113.9539093, 51.1261903], [-113.9539701, 51.1261853], [-113.9539255, 51.1258676]]]]}",R-1N,LI,409.0,4403.0,0.1,,2000.0,
2022,4005609,654 SADDLECREEK WY NE,459500.0,RE,Residential,459500.0,SAD,SADDLE RIDGE,"{'type': 'MultiPolygon', 'coordinates': [[[[-113.9542607, 51.1258646], [-113.954261, 51.1261835], [-113.9544264, 51.1261836], [-113.9544273, 51.1258646], [-113.9542607, 51.1258646]]]]}",R-1N,LI,411.2,4426.0,0.1,,1999.0,
2022,4005708,650 SADDLECREEK WY NE,482500.0,RE,Residential,482500.0,SAD,SADDLE RIDGE,"{'type': 'MultiPolygon', 'coordinates': [[[[-113.9544264, 51.1258646], [-113.9544268, 51.1261836], [-113.9545922, 51.1261837], [-113.9545918, 51.1258646], [-113.9544264, 51.1258646]]]]}",R-1N,LI,411.2,4426.0,0.1,,1999.0,
2022,4005807,646 SADDLECREEK WY NE,503000.0,RE,Residential,503000.0,SAD,SADDLE RIDGE,"{'type': 'MultiPolygon', 'coordinates': [[[[-113.9545918, 51.1258646], [-113.9545922, 51.1261837], [-113.9546058, 51.1261837], [-113.9547576, 51.1261727], [-113.9547572, 51.1258646], [-113.9545918, 51.1258646]]]]}",R-1N,LI,404.6,4356.0,0.1,,1999.0,
2022,4005906,642 SADDLECREEK WY NE,462000.0,RE,Residential,462000.0,SAD,SADDLE RIDGE,"{'type': 'MultiPolygon', 'coordinates': [[[[-113.9547572, 51.1258646], [-113.9547576, 51.1261727], [-113.954923, 51.1261607], [-113.9549226, 51.125862], [-113.9548638, 51.125864], [-113.954805, 51.1258646], [-113.9547572, 51.1258646]]]]}",R-1N,LI,390.0,4198.0,0.1,,1999.0,
2022,4006003,638 SADDLECREEK WY NE,555000.0,RE,Residential,555000.0,SAD,SADDLE RIDGE,"{'type': 'MultiPolygon', 'coordinates': [[[[-113.9549226, 51.125862], [-113.954923, 51.1261607], [-113.9550884, 51.1261487], [-113.955088, 51.1258502], [-113.9550406, 51.125854], [-113.9549817, 51.1258587], [-113.9549226, 51.125862]]]]}",R-1N,LI,384.1,4135.0,0.09,,2000.0,
2022,4006102,634 SADDLECREEK WY NE,486000.0,RE,Residential,486000.0,SAD,SADDLE RIDGE,"{'type': 'MultiPolygon', 'coordinates': [[[[-113.955088, 51.1258502], [-113.9550884, 51.1261487], [-113.9551897, 51.1261414], [-113.9552538, 51.1261413], [-113.9552534, 51.1258447], [-113.9552438, 51.1258447], [-113.9551658, 51.1258461], [-113.955088, 51.1258502]]]]}",R-1N,LI,382.9,4122.0,0.09,,1999.0,
2022,4006201,630 SADDLECREEK WY NE,521000.0,RE,Residential,521000.0,SAD,SADDLE RIDGE,"{'type': 'MultiPolygon', 'coordinates': [[[[-113.9552534, 51.1258447], [-113.9552538, 51.1261413], [-113.9554192, 51.1261412], [-113.9554188, 51.1258447], [-113.9552534, 51.1258447]]]]}",R-1N,LI,382.2,4114.0,0.09,,2000.0,
2022,4006300,626 SADDLECREEK WY NE,468500.0,RE,Residential,468500.0,SAD,SADDLE RIDGE,"{'type': 'MultiPolygon', 'coordinates': [[[[-113.9554188, 51.1258447], [-113.9554192, 51.1261412], [-113.9555846, 51.1261411], [-113.9555842, 51.1258446], [-113.9554188, 51.1258447]]]]}",R-1N,LI,382.2,4114.0,0.09,,2000.0,
2022,4006409,622 SADDLECREEK WY NE,573500.0,RE,Residential,573500.0,SAD,SADDLE RIDGE,"{'type': 'MultiPolygon', 'coordinates': [[[[-113.9555842, 51.1258446], [-113.9555846, 51.1261411], [-113.9557413, 51.1261411], [-113.9557409, 51.1258445], [-113.9555842, 51.1258446]]]]}",R-1N,LI,362.1,3898.0,0.09,,2001.0,
2022,4006508,618 SADDLECREEK WY NE,582500.0,RE,Residential,582500.0,SAD,SADDLE RIDGE,"{'type': 'MultiPolygon', 'coordinates': [[[[-113.9557409, 51.1258445], [-113.9557413, 51.1261411], [-113.9559324, 51.126141], [-113.955932, 51.1258444], [-113.9557409, 51.1258445]]]]}",R-1N,LI,441.6,4754.0,0.11,,1999.0,
2022,4006607,614 SADDLECREEK WY NE,454000.0,RE,Residential,454000.0,SAD,SADDLE RIDGE,"{'type': 'MultiPolygon', 'coordinates': [[[[-113.9561665, 51.1258444], [-113.9559754, 51.1258445], [-113.9559758, 51.1261302], [-113.9559751, 51.1261408], [-113.9560186, 51.126141], [-113.9560499, 51.1261407], [-113.9561662, 51.1261407], [-113.9561665, 51.1258444]]]]}",R-1N,LI,441.6,4754.0,0.11,,2000.0,
2022,4006706,610 SADDLECREEK WY NE,520000.0,RE,Residential,520000.0,SAD,SADDLE RIDGE,"{'type': 'MultiPolygon', 'coordinates': [[[[-113.956166, 51.1258443], [-113.9561664, 51.1261408], [-113.9563318, 51.1261407], [-113.9563314, 51.1258442], [-113.956166, 51.1258443]]]]}",R-1N,LI,382.2,4114.0,0.09,,2000.0,
2022,4006805,606 SADDLECREEK WY NE,385000.0,RE,Residential,385000.0,SAD,SADDLE RIDGE,"{'type': 'MultiPolygon', 'coordinates': [[[[-113.9563314, 51.1258442], [-113.9563318, 51.1261407], [-113.9565214, 51.1261406], [-113.956521, 51.1258845], [-113.9564567, 51.1258441], [-113.9563314, 51.1258442]]]]}",R-1N,LI,427.9,4606.0,0.11,,2000.0,
2022,757056908,264 SUNMILLS PL SE,513500.0,RE,Residential,513500.0,SDC,SUNDANCE,"{'type': 'MultiPolygon', 'coordinates': [[[[-114.0486502, 50.9002091], [-114.0492297, 50.9004071], [-114.0492488, 50.9003885], [-114.0492726, 50.9003722], [-114.0493002, 50.9003585], [-114.0490061, 50.9000755], [-114.0486543, 50.9000751], [-114.0486077, 50.900114], [-114.0486502, 50.9002091]]]]}",R-C2,LI,918.4,9886.0,0.23,,1984.0,
2022,4006904,5 SADDLECREEK CV NE,471000.0,RE,Residential,471000.0,SAD,SADDLE RIDGE,"{'type': 'MultiPolygon', 'coordinates': [[[[-113.9533158, 51.1257311], [-113.9533723, 51.1257851], [-113.9534662, 51.1258024], [-113.9535426, 51.1257836], [-113.9536206, 51.1257676], [-113.9536998, 51.1257543], [-113.9537801, 51.1257439], [-113.9538436, 51.1256973], [-113.9538437, 51.1255149], [-113.9533158, 51.1257311]]]]}",R-1N,LI,590.1,6352.0,0.15,,2000.0,
2022,4007001,9 SADDLECREEK CV NE,470500.0,RE,Residential,470500.0,SAD,SADDLE RIDGE,"{'type': 'MultiPolygon', 'coordinates': [[[[-113.9532501, 51.1256824], [-113.953268, 51.1256916], [-113.953284, 51.1257022], [-113.9532979, 51.1257139], [-113.9533158, 51.1257311], [-113.9538437, 51.1255149], [-113.9538405, 51.1254915], [-113.9538309, 51.1254688], [-113.9538151, 51.1254475], [-113.9537937, 51.1254283], [-113.9537673, 51.1254117], [-113.9537367, 51.1253982], [-113.9537028, 51.1253882], [-113.9536667, 51.1253821], [-113.9536045, 51.1253752], [-113.9532501, 51.1256824]]]]}",R-1N,LI,706.6,7606.0,0.17,,2000.0,
2022,4007100,13 SADDLECREEK CV NE,424000.0,RE,Residential,424000.0,SAD,SADDLE RIDGE,"{'type': 'MultiPolygon', 'coordinates': [[[[-113.9531681, 51.1256608], [-113.9531971, 51.1256653], [-113.9532246, 51.1256725], [-113.9532501, 51.1256824], [-113.9536045, 51.1253752], [-113.9533653, 51.1253486], [-113.9532499, 51.1253486], [-113.9531681, 51.1256608]]]]}",R-1N,LI,578.1,6223.0,0.14,,2000.0,
2022,4007209,17 SADDLECREEK CV NE,448500.0,RE,Residential,448500.0,SAD,SADDLE RIDGE,"{'type': 'MultiPolygon', 'coordinates': [[[[-113.9529021, 51.1253485], [-113.9530744, 51.1256657], [-113.9531051, 51.1256609], [-113.9531366, 51.1256592], [-113.9531681, 51.1256608], [-113.9532499, 51.1253486], [-113.9529021, 51.1253485]]]]}",R-1N,LI,540.3,5816.0,0.13,,1999.0,
2022,4007308,21 SADDLECREEK CV NE,507500.0,RE,Residential,507500.0,SAD,SADDLE RIDGE,"{'type': 'MultiPolygon', 'coordinates': [[[[-113.9525267, 51.1254237], [-113.9529956, 51.125698], [-113.9530189, 51.1256845], [-113.9530454, 51.1256737], [-113.9530744, 51.1256657], [-113.9529021, 51.1253485], [-113.9526036, 51.1253484], [-113.9525322, 51.1253485], [-113.9525267, 51.1254237]]]]}",R-1N,LI,764.1,8224.0,0.19,,2000.0,
2022,4007407,25 SADDLECREEK CV NE,482500.0,RE,Residential,482500.0,SAD,SADDLE RIDGE,"{'type': 'MultiPolygon', 'coordinates': [[[[-113.9524844, 51.125673], [-113.9529503, 51.1257498], [-113.9529608, 51.125731], [-113.952976, 51.1257136], [-113.9529956, 51.125698], [-113.9525267, 51.1254237], [-113.9525166, 51.1255071], [-113.9525025, 51.1255902], [-113.9524844, 51.125673]]]]}",R-1N,LI,600.4,6463.0,0.15,,2001.0,
2022,4007506,29 SADDLECREEK CV NE,449000.0,RE,Residential,449000.0,SAD,SADDLE RIDGE,"{'type': 'MultiPolygon', 'coordinates': [[[[-113.9524844, 51.125673], [-113.9524564, 51.1257747], [-113.9524224, 51.1258757], [-113.9529482, 51.1258057], [-113.9529443, 51.125787], [-113.952945, 51.1257683], [-113.9529503, 51.1257498], [-113.9524844, 51.125673]]]]}",R-1N,LI,495.4,5332.0,0.12,,2000.0,
2022,4007605,33 SADDLECREEK CV NE,488000.0,RE,Residential,488000.0,SAD,SADDLE RIDGE,"{'type': 'MultiPolygon', 'coordinates': [[[[-113.9523716, 51.1260029], [-113.9525252, 51.1260627], [-113.9529978, 51.1258672], [-113.9529769, 51.1258472], [-113.9529651, 51.1258341], [-113.9529558, 51.1258202], [-113.9529494, 51.1258056], [-113.9524238, 51.1258756], [-113.9523764, 51.1259921], [-113.9523716, 51.1260029]]]]}",R-1N,LI,646.6,6960.0,0.16,,1999.0,
2022,4007704,37 SADDLECREEK CV NE,478500.0,RE,Residential,478500.0,SAD,SADDLE RIDGE,"{'type': 'MultiPolygon', 'coordinates': [[[[-113.9525238, 51.1260628], [-113.9527908, 51.1261666], [-113.9528445, 51.1261157], [-113.9529035, 51.1260672], [-113.9529675, 51.1260212], [-113.9530363, 51.125978], [-113.9530489, 51.1259172], [-113.9529966, 51.1258672], [-113.9525238, 51.1260628]]]]}",R-1N,LI,528.2,5686.0,0.13,,2001.0,
2022,4007803,723 SADDLECREEK WY NE,467000.0,RE,Residential,467000.0,SAD,SADDLE RIDGE,"{'type': 'MultiPolygon', 'coordinates': [[[[-113.9523128, 51.1261202], [-113.9527211, 51.126246], [-113.9527544, 51.1262058], [-113.9527908, 51.1261666], [-113.9525238, 51.1260628], [-113.9523702, 51.1260031], [-113.9523426, 51.1260619], [-113.9523128, 51.1261202]]]]}",R-1N,LI,387.3,4169.0,0.1,,1999.0,
2022,4007902,727 SADDLECREEK WY NE,437000.0,RE,Residential,437000.0,SAD,SADDLE RIDGE,"{'type': 'MultiPolygon', 'coordinates': [[[[-113.9522603, 51.1262138], [-113.9526596, 51.1263368], [-113.9526673, 51.1263242], [-113.9526928, 51.1262847], [-113.9527211, 51.126246], [-113.9523128, 51.1261202], [-113.9522603, 51.1262138]]]]}",R-1N,LI,344.1,3704.0,0.09,,2000.0,
2022,4008009,731 SADDLECREEK WY NE,417500.0,RE,Residential,417500.0,SAD,SADDLE RIDGE,"{'type': 'MultiPolygon', 'coordinates': [[[[-113.9522058, 51.1263008], [-113.9526042, 51.1264235], [-113.9526596, 51.1263368], [-113.9522603, 51.1262138], [-113.9522058, 51.1263008]]]]}",R-1N,LI,322.2,3468.0,0.08,,2001.0,
2022,4008207,739 SADDLECREEK WY NE,467000.0,RE,Residential,467000.0,SAD,SADDLE RIDGE,"{'type': 'MultiPolygon', 'coordinates': [[[[-113.9520795, 51.1264753], [-113.9524771, 51.1265978], [-113.9525411, 51.1265138], [-113.9521433, 51.1263913], [-113.9520795, 51.1264753]]]]}",R-1N,LI,321.3,3458.0,0.08,,2000.0,
2022,4008306,743 SADDLECREEK WY NE,439500.0,RE,Residential,439500.0,SAD,SADDLE RIDGE,"{'type': 'MultiPolygon', 'coordinates': [[[[-113.9520099, 51.1265594], [-113.9523989, 51.1266924], [-113.9524771, 51.1265978], [-113.9520795, 51.1264753], [-113.9520099, 51.1265594]]]]}",R-1N,LI,347.5,3741.0,0.09,,2000.0,
2022,4008405,747 SADDLECREEK WY NE,431000.0,RE,Residential,431000.0,SAD,SADDLE RIDGE,"{'type': 'MultiPolygon', 'coordinates': [[[[-113.9519351, 51.1266425], [-113.9523165, 51.126784], [-113.9523989, 51.1266924], [-113.9520099, 51.1265594], [-113.9519351, 51.1266425]]]]}",R-1N,LI,346.2,3726.0,0.09,,2001.0,
2022,4008504,751 SADDLECREEK WY NE,409500.0,RE,Residential,409500.0,SAD,SADDLE RIDGE,"{'type': 'MultiPolygon', 'coordinates': [[[[-113.9518603, 51.1267194], [-113.9522341, 51.1268688], [-113.9523165, 51.126784], [-113.9519351, 51.1266425], [-113.9518603, 51.1267194]]]]}",R-1N,LI,326.9,3519.0,0.08,,2000.0,
2022,4008603,755 SADDLECREEK WY NE,427000.0,RE,Residential,427000.0,SAD,SADDLE RIDGE,"{'type': 'MultiPolygon', 'coordinates': [[[[-113.9518603, 51.1267194], [-113.9517829, 51.1267935], [-113.951836, 51.1268347], [-113.9519022, 51.1268826], [-113.9519736, 51.1269276], [-113.9520497, 51.1269694], [-113.9521372, 51.126961], [-113.9522341, 51.1268688], [-113.9518603, 51.1267194]]]]}",R-1N,LI,426.4,4590.0,0.11,,2001.0,
2022,4008702,49 SADDLECREEK TC NE,437500.0,RE,Residential,437500.0,SAD,SADDLE RIDGE,"{'type': 'MultiPolygon', 'coordinates': [[[[-113.951465, 51.126418], [-113.9514284, 51.1264579], [-113.9514357, 51.126524], [-113.9516889, 51.1267205], [-113.9517721, 51.1266387], [-113.9518505, 51.1265551], [-113.951465, 51.126418]]]]}",R-1N,LI,475.0,5113.0,0.12,,1999.0,
2022,4008801,53 SADDLECREEK TC NE,401500.0,RE,Residential,401500.0,SAD,SADDLE RIDGE,"{'type': 'MultiPolygon', 'coordinates': [[[[-113.951465, 51.126418], [-113.9518505, 51.1265551], [-113.9519222, 51.1264717], [-113.9515291, 51.1263435], [-113.951465, 51.126418]]]]}",R-1N,LI,309.6,3333.0,0.08,,1999.0,
2022,4008900,57 SADDLECREEK TC NE,418500.0,RE,Residential,418500.0,SAD,SADDLE RIDGE,"{'type': 'MultiPolygon', 'coordinates': [[[[-113.9515291, 51.1263435], [-113.9519222, 51.1264717], [-113.9519891, 51.1263868], [-113.951589, 51.1262676], [-113.9515291, 51.1263435]]]]}",R-1N,LI,309.6,3333.0,0.08,,2000.0,
2022,4009007,59 SADDLECREEK TC NE,409000.0,RE,Residential,409000.0,SAD,SADDLE RIDGE,"{'type': 'MultiPolygon', 'coordinates': [[[[-113.951589, 51.1262676], [-113.9519891, 51.1263868], [-113.9520548, 51.126295], [-113.9516477, 51.1261855], [-113.951589, 51.1262676]]]]}",R-1N,LI,329.0,3541.0,0.08,,2000.0,
2022,4009106,61 SADDLECREEK TC NE,429000.0,RE,Residential,429000.0,SAD,SADDLE RIDGE,"{'type': 'MultiPolygon', 'coordinates': [[[[-113.9516477, 51.1261855], [-113.9520548, 51.126295], [-113.9521115, 51.1262072], [-113.9516984, 51.1261069], [-113.9516477, 51.1261855]]]]}",R-1N,LI,309.6,3333.0,0.08,,1999.0,
2022,4009205,65 SADDLECREEK TC NE,429000.0,RE,Residential,429000.0,SAD,SADDLE RIDGE,"{'type': 'MultiPolygon', 'coordinates': [[[[-113.9516984, 51.1261069], [-113.9521115, 51.1262072], [-113.9521631, 51.1261182], [-113.9517446, 51.1260273], [-113.9516984, 51.1261069]]]]}",R-1N,LI,309.6,3333.0,0.08,,2000.0,
2022,4009304,69 SADDLECREEK TC NE,411000.0,RE,Residential,411000.0,SAD,SADDLE RIDGE,"{'type': 'MultiPolygon', 'coordinates': [[[[-113.9517446, 51.1260273], [-113.9521631, 51.1261182], [-113.9522124, 51.1260223], [-113.9517886, 51.1259417], [-113.9517446, 51.1260273]]]]}",R-1N,LI,329.0,3541.0,0.08,,1999.0,
2022,4009403,71 SADDLECREEK TC NE,401500.0,RE,Residential,401500.0,SAD,SADDLE RIDGE,"{'type': 'MultiPolygon', 'coordinates': [[[[-113.9517886, 51.1259417], [-113.9522124, 51.1260223], [-113.9522534, 51.1259312], [-113.9518253, 51.1258601], [-113.9517886, 51.1259417]]]]}",R-1N,LI,309.6,3333.0,0.08,,2000.0,
2022,4009502,75 SADDLECREEK TC NE,405000.0,RE,Residential,405000.0,SAD,SADDLE RIDGE,"{'type': 'MultiPolygon', 'coordinates': [[[[-113.9518253, 51.1258601], [-113.9522534, 51.1259312], [-113.9522892, 51.1258391], [-113.9518573, 51.1257778], [-113.9518253, 51.1258601]]]]}",R-1N,LI,309.6,3333.0,0.08,,1999.0,
2022,4009601,79 SADDLECREEK TC NE,409500.0,RE,Residential,409500.0,SAD,SADDLE RIDGE,"{'type': 'MultiPolygon', 'coordinates': [[[[-113.9518573, 51.1257778], [-113.9522892, 51.1258391], [-113.9523214, 51.1257405], [-113.9518861, 51.1256896], [-113.9518573, 51.1257778]]]]}",R-1N,LI,329.0,3541.0,0.08,,2000.0,
2022,4009700,81 SADDLECREEK TC NE,392500.0,RE,Residential,392500.0,SAD,SADDLE RIDGE,"{'type': 'MultiPolygon', 'coordinates': [[[[-113.9518861, 51.1256896], [-113.9523214, 51.1257405], [-113.9523462, 51.125647], [-113.9519083, 51.125606], [-113.9518861, 51.1256896]]]]}",R-1N,LI,309.6,3333.0,0.08,,2000.0,
2022,4009809,85 SADDLECREEK TC NE,376500.0,RE,Residential,376500.0,SAD,SADDLE RIDGE,"{'type': 'MultiPolygon', 'coordinates': [[[[-113.9519083, 51.125606], [-113.9523462, 51.125647], [-113.9523657, 51.125553], [-113.9519257, 51.125522], [-113.9519083, 51.125606]]]]}",R-1N,LI,309.6,3333.0,0.08,,1999.0,
2022,4009908,89 SADDLECREEK TC NE,463500.0,RE,Residential,463500.0,SAD,SADDLE RIDGE,"{'type': 'MultiPolygon', 'coordinates': [[[[-113.9519257, 51.125522], [-113.9523657, 51.125553], [-113.9523749, 51.1254957], [-113.9523821, 51.1254383], [-113.9519382, 51.1254382], [-113.9519257, 51.125522]]]]}",R-1N,LI,343.7,3700.0,0.08,,1999.0,
2022,4010005,4 SADDLECREEK TC NE,424000.0,RE,Residential,424000.0,SAD,SADDLE RIDGE,"{'type': 'MultiPolygon', 'coordinates': [[[[-113.9515402, 51.1272489], [-113.9516638, 51.1273283], [-113.9517565, 51.1272652], [-113.9518462, 51.1272005], [-113.9519329, 51.1271342], [-113.9519219, 51.1270777], [-113.9518459, 51.1270369], [-113.9515402, 51.1272489]]]]}",R-1N,LI,385.6,4151.0,0.1,,1999.0,
2022,4010104,8 SADDLECREEK TC NE,374000.0,RE,Residential,374000.0,SAD,SADDLE RIDGE,"{'type': 'MultiPolygon', 'coordinates': [[[[-113.9514296, 51.1271724], [-113.9515402, 51.1272489], [-113.9518459, 51.1270369], [-113.9517988, 51.1270089], [-113.9517535, 51.1269799], [-113.9514296, 51.1271724]]]]}",R-1N,LI,323.6,3483.0,0.08,,1999.0,
2022,4010203,12 SADDLECREEK TC NE,417000.0,RE,Residential,417000.0,SAD,SADDLE RIDGE,"{'type': 'MultiPolygon', 'coordinates': [[[[-113.9513243, 51.1270939], [-113.9514296, 51.1271724], [-113.9517535, 51.1269799], [-113.9517106, 51.1269502], [-113.9516696, 51.1269196], [-113.9516682, 51.1269185], [-113.9513243, 51.1270939]]]]}",R-1N,LI,318.4,3427.0,0.08,,2000.0,
2022,4010302,16 SADDLECREEK TC NE,413500.0,RE,Residential,413500.0,SAD,SADDLE RIDGE,"{'type': 'MultiPolygon', 'coordinates': [[[[-113.9512311, 51.1270216], [-113.951319, 51.1270899], [-113.9513243, 51.1270939], [-113.9516682, 51.1269185], [-113.951575, 51.1268461], [-113.9512311, 51.1270216]]]]}",R-1N,LI,321.3,3458.0,0.08,,2000.0,
2022,4010401,20 SADDLECREEK TC NE,403500.0,RE,Residential,403500.0,SAD,SADDLE RIDGE,"{'type': 'MultiPolygon', 'coordinates': [[[[-113.9511433, 51.1269535], [-113.9512311, 51.1270216], [-113.951575, 51.1268461], [-113.9514872, 51.126778], [-113.9511433, 51.1269535]]]]}",R-1N,LI,302.4,3255.0,0.07,,1999.0,
2022,4010500,24 SADDLECREEK TC NE,407500.0,RE,Residential,407500.0,SAD,SADDLE RIDGE,"{'type': 'MultiPolygon', 'coordinates': [[[[-113.9510556, 51.1268854], [-113.9511433, 51.1269535], [-113.9514872, 51.126778], [-113.9513995, 51.12671], [-113.9510556, 51.1268854]]]]}",R-1N,LI,302.4,3255.0,0.07,,1999.0,
2022,4010609,28 SADDLECREEK TC NE,389000.0,RE,Residential,389000.0,SAD,SADDLE RIDGE,"{'type': 'MultiPolygon', 'coordinates': [[[[-113.9509679, 51.1268173], [-113.9510556, 51.1268854], [-113.9513995, 51.12671], [-113.9513118, 51.1266419], [-113.9509679, 51.1268173]]]]}",R-1N,LI,302.4,3255.0,0.07,,1999.0,
2022,4010708,32 SADDLECREEK TC NE,372500.0,RE,Residential,372500.0,SAD,SADDLE RIDGE,"{'type': 'MultiPolygon', 'coordinates': [[[[-113.9508747, 51.126745], [-113.9509679, 51.1268173], [-113.9513118, 51.1266419], [-113.9512836, 51.12662], [-113.9512616, 51.126605], [-113.9512368, 51.1265918], [-113.9512215, 51.1265839], [-113.9512076, 51.1265751], [-113.9508747, 51.126745]]]]}",R-1N,LI,318.1,3425.0,0.08,,2000.0,
2022,4010807,36 SADDLECREEK TC NE,382000.0,RE,Residential,382000.0,SAD,SADDLE RIDGE,"{'type': 'MultiPolygon', 'coordinates': [[[[-113.9511674, 51.1265267], [-113.9506988, 51.1266092], [-113.9508763, 51.1267446], [-113.9512092, 51.1265748], [-113.9511914, 51.1265601], [-113.9511774, 51.126544], [-113.9511674, 51.1265267]]]]}",R-1N,LI,391.5,4214.0,0.1,,2000.0,
2022,4010906,40 SADDLECREEK TC NE,460000.0,RE,Residential,460000.0,SAD,SADDLE RIDGE,"{'type': 'MultiPolygon', 'coordinates': [[[[-113.9506775, 51.1264235], [-113.9505713, 51.1265078], [-113.9506988, 51.1266092], [-113.9511674, 51.1265267], [-113.9511618, 51.1265094], [-113.9511603, 51.1264917], [-113.9511628, 51.1264742], [-113.9506775, 51.1264235]]]]}",R-1N,LI,525.0,5651.0,0.13,,2000.0,
2022,4011003,44 SADDLECREEK TC NE,478500.0,RE,Residential,478500.0,SAD,SADDLE RIDGE,"{'type': 'MultiPolygon', 'coordinates': [[[[-113.9506758, 51.1264239], [-113.9511612, 51.1264745], [-113.9511685, 51.1264561], [-113.9511801, 51.1264386], [-113.951196, 51.1264225], [-113.9508311, 51.1262806], [-113.950756, 51.1263533], [-113.9506758, 51.1264239]]]]}",R-1N,LI,390.3,4201.0,0.1,,2000.0,
2022,4011102,48 SADDLECREEK TC NE,395000.0,RE,Residential,395000.0,SAD,SADDLE RIDGE,"{'type': 'MultiPolygon', 'coordinates': [[[[-113.9508311, 51.1262806], [-113.951196, 51.1264225], [-113.9512164, 51.1264077], [-113.9512394, 51.1263914], [-113.9512587, 51.1263734], [-113.9512849, 51.1263445], [-113.9508986, 51.1262084], [-113.9508311, 51.1262806]]]]}",R-1N,LI,307.0,3305.0,0.08,,1999.0,
2022,4011201,52 SADDLECREEK TC NE,392500.0,RE,Residential,392500.0,SAD,SADDLE RIDGE,"{'type': 'MultiPolygon', 'coordinates': [[[[-113.9508986, 51.1262084], [-113.9512849, 51.1263445], [-113.9513564, 51.1262599], [-113.9509612, 51.1261344], [-113.9508986, 51.1262084]]]]}",R-1N,LI,309.8,3334.0,0.08,,2000.0,
2022,4011300,56 SADDLECREEK TC NE,394500.0,RE,Residential,394500.0,SAD,SADDLE RIDGE,"{'type': 'MultiPolygon', 'coordinates': [[[[-113.9509612, 51.1261344], [-113.9513564, 51.1262599], [-113.9514221, 51.1261735], [-113.9510186, 51.1260588], [-113.9509612, 51.1261344]]]]}",R-1N,LI,309.8,3334.0,0.08,,1999.0,
2022,4011409,60 SADDLECREEK TC NE,368000.0,RE,Residential,368000.0,SAD,SADDLE RIDGE,"{'type': 'MultiPolygon', 'coordinates': [[[[-113.9510186, 51.1260588], [-113.9514221, 51.1261735], [-113.9514817, 51.1260854], [-113.9510708, 51.1259817], [-113.9510186, 51.1260588]]]]}",R-1N,LI,309.8,3334.0,0.08,,1999.0,
2022,4011508,64 SADDLECREEK TC NE,395500.0,RE,Residential,395500.0,SAD,SADDLE RIDGE,"{'type': 'MultiPolygon', 'coordinates': [[[[-113.9510708, 51.1259817], [-113.9514817, 51.1260854], [-113.9515353, 51.1259957], [-113.9511176, 51.1259033], [-113.9510708, 51.1259817]]]]}",R-1N,LI,309.8,3334.0,0.08,,2000.0,
2022,4011607,68 SADDLECREEK TC NE,403500.0,RE,Residential,403500.0,SAD,SADDLE RIDGE,"{'type': 'MultiPolygon', 'coordinates': [[[[-113.9511176, 51.1259033], [-113.9515353, 51.1259957], [-113.9515826, 51.1259046], [-113.951159, 51.1258237], [-113.9511176, 51.1259033]]]]}",R-1N,LI,309.8,3334.0,0.08,,2000.0,
2022,4011706,72 SADDLECREEK TC NE,432500.0,RE,Residential,432500.0,SAD,SADDLE RIDGE,"{'type': 'MultiPolygon', 'coordinates': [[[[-113.951159, 51.1258237], [-113.9515826, 51.1259046], [-113.9516237, 51.1258124], [-113.9511949, 51.125743], [-113.951159, 51.1258237]]]]}",R-1N,LI,309.8,3334.0,0.08,,2000.0,
2022,4011805,76 SADDLECREEK TC NE,395500.0,RE,Residential,395500.0,SAD,SADDLE RIDGE,"{'type': 'MultiPolygon', 'coordinates': [[[[-113.9511949, 51.125743], [-113.9516237, 51.1258124], [-113.9516584, 51.1257191], [-113.9512253, 51.1256614], [-113.9511949, 51.125743]]]]}",R-1N,LI,309.8,3334.0,0.08,,1999.0,
2022,4011904,80 SADDLECREEK TC NE,390500.0,RE,Residential,390500.0,SAD,SADDLE RIDGE,"{'type': 'MultiPolygon', 'coordinates': [[[[-113.9512253, 51.1256614], [-113.9516584, 51.1257191], [-113.9516867, 51.1256249], [-113.95125, 51.1255791], [-113.9512253, 51.1256614]]]]}",R-1N,LI,309.8,3334.0,0.08,,1999.0,
2022,4012001,84 SADDLECREEK TC NE,463500.0,RE,Residential,463500.0,SAD,SADDLE RIDGE,"{'type': 'MultiPolygon', 'coordinates': [[[[-113.95125, 51.1255791], [-113.9516867, 51.1256249], [-113.9516992, 51.1255742], [-113.9517098, 51.1255233], [-113.9516526, 51.1254831], [-113.9512716, 51.125483], [-113.9512618, 51.1255312], [-113.95125, 51.1255791]]]]}",R-1N,LI,404.1,4350.0,0.1,,1999.0,
2022,4012100,116 SADDLECREEK TC NE,429500.0,RE,Residential,429500.0,SAD,SADDLE RIDGE,"{'type': 'MultiPolygon', 'coordinates': [[[[-113.9511296, 51.1254829], [-113.9507453, 51.1254827], [-113.9506711, 51.1255227], [-113.9506597, 51.1255686], [-113.9510937, 51.1256233], [-113.9511138, 51.1255533], [-113.9511296, 51.1254829]]]]}",R-2,LI,385.5,4149.0,0.1,,2000.0,
2022,4012209,120 SADDLECREEK TC NE,409000.0,RE,Residential,409000.0,SAD,SADDLE RIDGE,"{'type': 'MultiPolygon', 'coordinates': [[[[-113.9506284, 51.12565], [-113.9510572, 51.1257191], [-113.9510756, 51.1256714], [-113.9510919, 51.1256234], [-113.9506578, 51.1255687], [-113.9506284, 51.12565]]]]}",R-2,LI,313.1,3370.0,0.08,,2000.0,
2022,4012308,124 SADDLECREEK TC NE,411500.0,RE,Residential,411500.0,SAD,SADDLE RIDGE,"{'type': 'MultiPolygon', 'coordinates': [[[[-113.9505921, 51.1257301], [-113.9510146, 51.1258135], [-113.9510369, 51.1257665], [-113.9510572, 51.1257191], [-113.9506284, 51.12565], [-113.9505921, 51.1257301]]]]}",R-2,LI,313.1,3370.0,0.08,,2000.0,
2022,4012407,128 SADDLECREEK TC NE,395000.0,RE,Residential,395000.0,SAD,SADDLE RIDGE,"{'type': 'MultiPolygon', 'coordinates': [[[[-113.950552, 51.1258041], [-113.9509674, 51.1259006], [-113.9509918, 51.1258572], [-113.9510146, 51.1258135], [-113.9505921, 51.1257301], [-113.950552, 51.1258041]]]]}",R-2,LI,293.5,3159.0,0.07,,2000.0,
2022,4012506,132 SADDLECREEK TC NE,415000.0,RE,Residential,415000.0,SAD,SADDLE RIDGE,"{'type': 'MultiPolygon', 'coordinates': [[[[-113.9505029, 51.1258816], [-113.9509095, 51.1259917], [-113.9509394, 51.1259464], [-113.9509674, 51.1259006], [-113.950552, 51.1258041], [-113.9505029, 51.1258816]]]]}",R-2,LI,313.1,3370.0,0.08,,2000.0,
2022,4012605,136 SADDLECREEK TC NE,412500.0,RE,Residential,412500.0,SAD,SADDLE RIDGE,"{'type': 'MultiPolygon', 'coordinates': [[[[-113.9504473, 51.1259572], [-113.9508441, 51.1260808], [-113.9508778, 51.1260365], [-113.9509095, 51.1259917], [-113.9505029, 51.1258816], [-113.9504473, 51.1259572]]]]}",R-2,LI,313.1,3370.0,0.08,,2000.0,
2022,4012704,140 SADDLECREEK TC NE,395000.0,RE,Residential,395000.0,SAD,SADDLE RIDGE,"{'type': 'MultiPolygon', 'coordinates': [[[[-113.9503895, 51.1260264], [-113.950776, 51.1261622], [-113.9508109, 51.1261218], [-113.9508441, 51.1260808], [-113.9504473, 51.1259572], [-113.9503895, 51.1260264]]]]}",R-2,LI,293.5,3159.0,0.07,,2000.0,
2022,4012803,144 SADDLECREEK TC NE,404000.0,RE,Residential,404000.0,SAD,SADDLE RIDGE,"{'type': 'MultiPolygon', 'coordinates': [[[[-113.9503218, 51.1260981], [-113.9506964, 51.1262466], [-113.9507371, 51.1262047], [-113.950776, 51.1261622], [-113.9503895, 51.1260264], [-113.9503218, 51.1260981]]]]}",R-2,LI,313.1,3370.0,0.08,,2000.0,
2022,4012902,148 SADDLECREEK TC NE,400000.0,RE,Residential,400000.0,SAD,SADDLE RIDGE,"{'type': 'MultiPolygon', 'coordinates': [[[[-113.9502483, 51.1261674], [-113.9506098, 51.1263282], [-113.950654, 51.1262878], [-113.9506964, 51.1262466], [-113.9503218, 51.1260981], [-113.9502483, 51.1261674]]]]}",R-2,LI,313.1,3370.0,0.08,,2000.0,
2022,4013009,152 SADDLECREEK TC NE,382000.0,RE,Residential,382000.0,SAD,SADDLE RIDGE,"{'type': 'MultiPolygon', 'coordinates': [[[[-113.9501924, 51.1262151], [-113.9504796, 51.1264366], [-113.9505472, 51.126383], [-113.9506116, 51.1263279], [-113.9502502, 51.1261671], [-113.9501924, 51.1262151]]]]}",R-2,LI,338.8,3647.0,0.08,,1999.0,
2022,4013108,161 SADDLEMEAD RD NE,436500.0,RE,Residential,436500.0,SAD,SADDLE RIDGE,"{'type': 'MultiPolygon', 'coordinates': [[[[-113.9454382, 51.1287216], [-113.9453216, 51.1287216], [-113.9452573, 51.128762], [-113.9452571, 51.1290451], [-113.945438, 51.1290452], [-113.9454382, 51.1287216]]]]}",R-1N,LI,445.7,4798.0,0.11,,2000.0,
2022,4013207,157 SADDLEMEAD RD NE,425000.0,RE,Residential,425000.0,SAD,SADDLE RIDGE,"{'type': 'MultiPolygon', 'coordinates': [[[[-113.9454382, 51.1287216], [-113.945438, 51.1290452], [-113.945586, 51.1290452], [-113.9455862, 51.1287216], [-113.9454382, 51.1287216]]]]}",R-1N,LI,373.1,4016.0,0.09,,2000.0,
2022,4013306,153 SADDLEMEAD RD NE,449500.0,RE,Residential,449500.0,SAD,SADDLE RIDGE,"{'type': 'MultiPolygon', 'coordinates': [[[[-113.9455862, 51.1287216], [-113.945586, 51.1290452], [-113.945734, 51.1290452], [-113.9457342, 51.1287331], [-113.9457266, 51.1287315], [-113.9456979, 51.128726], [-113.9456684, 51.1287228], [-113.9456385, 51.1287217], [-113.9455862, 51.1287216]]]]}",R-1N,LI,370.2,3985.0,0.09,,2000.0,
2022,4013405,149 SADDLEMEAD RD NE,449000.0,RE,Residential,449000.0,SAD,SADDLE RIDGE,"{'type': 'MultiPolygon', 'coordinates': [[[[-113.9457342, 51.1287331], [-113.945734, 51.1290452], [-113.945882, 51.1290453], [-113.9459725, 51.1290453], [-113.9458514, 51.1287357], [-113.9458221, 51.1287389], [-113.9457925, 51.1287396], [-113.945763, 51.1287376], [-113.9457342, 51.1287331]]]]}",R-1N,LI,426.9,4595.0,0.11,,2000.0,
2022,4013504,145 SADDLEMEAD RD NE,514000.0,RE,Residential,514000.0,SAD,SADDLE RIDGE,"{'type': 'MultiPolygon', 'coordinates': [[[[-113.9458514, 51.1287357], [-113.9459725, 51.1290453], [-113.94603, 51.1290453], [-113.9461781, 51.1290453], [-113.9463625, 51.1290454], [-113.9459343, 51.12871], [-113.9459087, 51.128721], [-113.9458809, 51.1287297], [-113.9458514, 51.1287357]]]]}",R-1N,LI,619.9,6673.0,0.15,,2000.0,
2022,4013603,141 SADDLEMEAD RD NE,502000.0,RE,Residential,502000.0,SAD,SADDLE RIDGE,"{'type': 'MultiPolygon', 'coordinates': [[[[-113.9459343, 51.12871], [-113.9463625, 51.1290454], [-113.9464997, 51.1290454], [-113.9464998, 51.1288223], [-113.9459922, 51.1286646], [-113.9459765, 51.1286814], [-113.945957, 51.1286966], [-113.9459343, 51.12871]]]]}",R-1N,LI,794.5,8552.0,0.2,,2001.0,
2022,4013702,137 SADDLEMEAD RD NE,422000.0,RE,Residential,422000.0,SAD,SADDLE RIDGE,"{'type': 'MultiPolygon', 'coordinates': [[[[-113.9459922, 51.1286646], [-113.9464998, 51.1288223], [-113.9465, 51.12861], [-113.9460142, 51.1286099], [-113.946011, 51.1286287], [-113.9460036, 51.128647], [-113.9459922, 51.1286646]]]]}",R-1N,LI,521.9,5618.0,0.13,,2000.0,
2022,757057005,268 SUNMILLS PL SE,445000.0,RE,Residential,445000.0,SDC,SUNDANCE,"{'type': 'MultiPolygon', 'coordinates': [[[[-114.0487491, 50.9004303], [-114.049205, 50.9004583], [-114.0492096, 50.9004406], [-114.0492179, 50.9004234], [-114.0492297, 50.9004071], [-114.0486502, 50.9002091], [-114.0487491, 50.9004303]]]]}",R-C2,LI,517.7,5572.0,0.13,,1984.0,
2022,4013801,133 SADDLEMEAD RD NE,396500.0,RE,Residential,396500.0,SAD,SADDLE RIDGE,"{'type': 'MultiPolygon', 'coordinates': [[[[-113.945987, 51.1285168], [-113.945992, 51.128538], [-113.9460014, 51.1285587], [-113.9460092, 51.1285754], [-113.9460134, 51.1285925], [-113.9460142, 51.1286099], [-113.9465, 51.12861], [-113.9465, 51.1285169], [-113.945987, 51.1285168]]]]}",R-1N,LI,361.0,3886.0,0.09,,2001.0,
2022,4013900,129 SADDLEMEAD RD NE,388500.0,RE,Residential,388500.0,SAD,SADDLE RIDGE,"{'type': 'MultiPolygon', 'coordinates': [[[[-113.9459859, 51.1284236], [-113.9459858, 51.1285032], [-113.945987, 51.1285168], [-113.9465, 51.1285169], [-113.9465, 51.1284237], [-113.9459859, 51.1284236]]]]}",R-1N,LI,373.0,4015.0,0.09,,2000.0,
2022,4014007,125 SADDLEMEAD RD NE,375000.0,RE,Residential,375000.0,SAD,SADDLE RIDGE,"{'type': 'MultiPolygon', 'coordinates': [[[[-113.9459859, 51.1283305], [-113.9459859, 51.1284236], [-113.9465, 51.1284237], [-113.9465001, 51.1283306], [-113.9459859, 51.1283305]]]]}",R-1N,LI,373.1,4016.0,0.09,,2000.0,
2022,4014106,121 SADDLEMEAD RD NE,430000.0,RE,Residential,430000.0,SAD,SADDLE RIDGE,"{'type': 'MultiPolygon', 'coordinates': [[[[-113.945986, 51.1282374], [-113.9459859, 51.1283305], [-113.9465001, 51.1283306], [-113.9465001, 51.1282375], [-113.945986, 51.1282374]]]]}",R-1N,LI,373.1,4016.0,0.09,,1999.0,
2022,4014205,117 SADDLEMEAD RD NE,423000.0,RE,Residential,423000.0,SAD,SADDLE RIDGE,"{'type': 'MultiPolygon', 'coordinates': [[[[-113.9459862, 51.1281428], [-113.945986, 51.1281821], [-113.945986, 51.1282374], [-113.9465001, 51.1282375], [-113.9465002, 51.1281822], [-113.9465004, 51.1281453], [-113.9459862, 51.1281428]]]]}",R-1N,LI,373.9,4024.0,0.09,,2000.0,
2022,4014304,113 SADDLEMEAD RD NE,387500.0,RE,Residential,387500.0,SAD,SADDLE RIDGE,"{'type': 'MultiPolygon', 'coordinates': [[[[-113.9459862, 51.1281428], [-113.9465004, 51.1281453], [-113.9465028, 51.1280547], [-113.9459888, 51.1280463], [-113.9459862, 51.1281428]]]]}",R-1N,LI,375.0,4037.0,0.09,,2000.0,
2022,4014403,109 SADDLEMEAD RD NE,393000.0,RE,Residential,393000.0,SAD,SADDLE RIDGE,"{'type': 'MultiPolygon', 'coordinates': [[[[-113.9459888, 51.1280463], [-113.9465028, 51.1280547], [-113.9465079, 51.1279641], [-113.9459942, 51.1279497], [-113.9459888, 51.1280463]]]]}",R-1N,LI,375.0,4037.0,0.09,,2001.0,
2022,4014502,105 SADDLEMEAD RD NE,446000.0,RE,Residential,446000.0,SAD,SADDLE RIDGE,"{'type': 'MultiPolygon', 'coordinates': [[[[-113.9459942, 51.1279497], [-113.9465079, 51.1279641], [-113.9465202, 51.1278304], [-113.9460066, 51.1278131], [-113.9459942, 51.1279497]]]]}",R-1N,LI,542.3,5838.0,0.13,,2001.0,
2022,4014601,101 SADDLEMEAD RD NE,416000.0,RE,Residential,416000.0,SAD,SADDLE RIDGE,"{'type': 'MultiPolygon', 'coordinates': [[[[-113.9460066, 51.1278131], [-113.9465202, 51.1278304], [-113.9465379, 51.1276985], [-113.9460251, 51.1276741], [-113.9460066, 51.1278131]]]]}",R-1N,LI,543.9,5855.0,0.13,,2001.0,
2022,4014700,97 SADDLEMEAD RD NE,390500.0,RE,Residential,390500.0,SAD,SADDLE RIDGE,"{'type': 'MultiPolygon', 'coordinates': [[[[-113.9460251, 51.1276741], [-113.9465379, 51.1276985], [-113.9465547, 51.1276007], [-113.9460416, 51.127576], [-113.9460251, 51.1276741]]]]}",R-1N,LI,395.2,4254.0,0.1,,2001.0,
2022,4014809,93 SADDLEMEAD RD NE,452000.0,RE,Residential,452000.0,SAD,SADDLE RIDGE,"{'type': 'MultiPolygon', 'coordinates': [[[[-113.9460416, 51.127576], [-113.9465547, 51.1276007], [-113.9465747, 51.1275027], [-113.9460611, 51.127478], [-113.9460416, 51.127576]]]]}",R-1N,LI,395.5,4258.0,0.1,,2000.0,
2022,4014908,89 SADDLEMEAD RD NE,440000.0,RE,Residential,440000.0,SAD,SADDLE RIDGE,"{'type': 'MultiPolygon', 'coordinates': [[[[-113.9460611, 51.127478], [-113.9465747, 51.1275027], [-113.9465978, 51.1274049], [-113.9460835, 51.1273802], [-113.9460611, 51.127478]]]]}",R-1N,LI,396.0,4262.0,0.1,,2000.0,
2022,4015004,85 SADDLEMEAD RD NE,476000.0,RE,Residential,476000.0,SAD,SADDLE RIDGE,"{'type': 'MultiPolygon', 'coordinates': [[[[-113.9460835, 51.1273802], [-113.9465978, 51.1274049], [-113.946624, 51.1273073], [-113.9461088, 51.1272825], [-113.9460835, 51.1273802]]]]}",R-1N,LI,396.6,4269.0,0.1,,2000.0,
2022,4015103,81 SADDLEMEAD RD NE,442500.0,RE,Residential,442500.0,SAD,SADDLE RIDGE,"{'type': 'MultiPolygon', 'coordinates': [[[[-113.9461088, 51.1272825], [-113.946624, 51.1273073], [-113.9466533, 51.1272098], [-113.9461371, 51.127185], [-113.9461088, 51.1272825]]]]}",R-1N,LI,397.3,4277.0,0.1,,2000.0,
2022,4015202,77 SADDLEMEAD RD NE,441000.0,RE,Residential,441000.0,SAD,SADDLE RIDGE,"{'type': 'MultiPolygon', 'coordinates': [[[[-113.9461371, 51.127185], [-113.9466533, 51.1272098], [-113.9466858, 51.1271124], [-113.9461686, 51.1270876], [-113.946166, 51.1270946], [-113.9461371, 51.127185]]]]}",R-1N,LI,398.4,4289.0,0.1,,2001.0,
2022,4015301,73 SADDLEMEAD RD NE,437500.0,RE,Residential,437500.0,SAD,SADDLE RIDGE,"{'type': 'MultiPolygon', 'coordinates': [[[[-113.9461686, 51.1270876], [-113.9466858, 51.1271124], [-113.9467216, 51.1270153], [-113.94625, 51.1269926], [-113.9462361, 51.1270098], [-113.9462184, 51.1270256], [-113.9461971, 51.1270447], [-113.9461804, 51.1270655], [-113.9461686, 51.1270876]]]]}",R-1N,LI,383.7,4130.0,0.09,,2001.0,
2022,4015400,69 SADDLEMEAD RD NE,427000.0,RE,Residential,427000.0,SAD,SADDLE RIDGE,"{'type': 'MultiPolygon', 'coordinates': [[[[-113.9467598, 51.1268695], [-113.9462655, 51.1269197], [-113.9462677, 51.1269382], [-113.9462657, 51.1269567], [-113.9462598, 51.1269749], [-113.9462499, 51.1269924], [-113.9467213, 51.1270151], [-113.9467842, 51.126867], [-113.9467598, 51.1268695]]]]}",R-1N,LI,421.4,4536.0,0.1,,2000.0,
2022,4015509,77 SADDLEMEAD WY NE,356500.0,RE,Residential,356500.0,SAD,SADDLE RIDGE,"{'type': 'MultiPolygon', 'coordinates': [[[[-113.9446174, 51.1284823], [-113.9445976, 51.1285342], [-113.9446632, 51.1285866], [-113.945186, 51.1285868], [-113.945186, 51.1284825], [-113.9446174, 51.1284823]]]]}",R-1N,LI,460.6,4958.0,0.11,,2000.0,
2022,4015608,73 SADDLEMEAD WY NE,413000.0,RE,Residential,413000.0,SAD,SADDLE RIDGE,"{'type': 'MultiPolygon', 'coordinates': [[[[-113.9446488, 51.1284002], [-113.9446174, 51.1284823], [-113.945186, 51.1284825], [-113.9451861, 51.1284003], [-113.9446488, 51.1284002]]]]}",R-1N,LI,354.0,3811.0,0.09,,2000.0,
2022,4015707,69 SADDLEMEAD WY NE,371500.0,RE,Residential,371500.0,SAD,SADDLE RIDGE,"{'type': 'MultiPolygon', 'coordinates': [[[[-113.9446802, 51.128318], [-113.9446488, 51.1284002], [-113.9451861, 51.1284003], [-113.9451861, 51.1283181], [-113.9446802, 51.128318]]]]}",R-1N,LI,333.9,3594.0,0.08,,2000.0,
2022,4015806,65 SADDLEMEAD WY NE,353000.0,RE,Residential,353000.0,SAD,SADDLE RIDGE,"{'type': 'MultiPolygon', 'coordinates': [[[[-113.9447135, 51.1282304], [-113.9447079, 51.1282456], [-113.9446802, 51.128318], [-113.9451861, 51.1283181], [-113.9451862, 51.1282305], [-113.9447135, 51.1282304]]]]}",R-1N,LI,334.1,3596.0,0.08,,2000.0,
2022,4015905,61 SADDLEMEAD WY NE,370500.0,RE,Residential,370500.0,SAD,SADDLE RIDGE,"{'type': 'MultiPolygon', 'coordinates': [[[[-113.9447358, 51.1281482], [-113.9447263, 51.1281894], [-113.9447135, 51.1282304], [-113.9451862, 51.1282305], [-113.9451862, 51.1281819], [-113.9451864, 51.1281483], [-113.9447358, 51.1281482]]]]}",R-1N,LI,294.8,3173.0,0.07,,2000.0,
2022,4016002,57 SADDLEMEAD WY NE,369000.0,RE,Residential,369000.0,SAD,SADDLE RIDGE,"{'type': 'MultiPolygon', 'coordinates': [[[[-113.9447454, 51.1280605], [-113.9447454, 51.1280628], [-113.9447423, 51.1281056], [-113.9447358, 51.1281482], [-113.9451864, 51.1281483], [-113.9451883, 51.1280606], [-113.9447454, 51.1280605]]]]}",R-1N,LI,304.1,3274.0,0.08,,2001.0,
2022,4016101,53 SADDLEMEAD WY NE,362000.0,RE,Residential,362000.0,SAD,SADDLE RIDGE,"{'type': 'MultiPolygon', 'coordinates': [[[[-113.9447493, 51.1279729], [-113.9447454, 51.1280605], [-113.9451883, 51.1280606], [-113.9451923, 51.127973], [-113.9447493, 51.1279729]]]]}",R-1N,LI,302.4,3255.0,0.07,,2000.0,
2022,4016200,45 SADDLEMEAD WY NE,108000.0,NR,Non-residential,,SAD,SADDLE RIDGE,"{'type': 'MultiPolygon', 'coordinates': [[[[-113.9447497, 51.1279724], [-113.9451926, 51.1279725], [-113.9452004, 51.1278646], [-113.945222, 51.1276746], [-113.9452535, 51.1274851], [-113.9452948, 51.1272964], [-113.9453061, 51.127252], [-113.9452153, 51.1272403], [-113.9450352, 51.1272136], [-113.9447846, 51.1274663], [-113.9448016, 51.1274839], [-113.9448141, 51.1275028], [-113.9448219, 51.1275228], [-113.9448248, 51.1275432], [-113.9448227, 51.1275637], [-113.9448157, 51.1275837], [-113.9448039, 51.1276029], [-113.9447924, 51.1276208], [-113.9447844, 51.1276394], [-113.9447799, 51.1276585], [-113.9447571, 51.1278645], [-113.9447497, 51.1279724]]]]}",S-SPR,LO,2430.0,26156.0,0.6,108000.0,,RC0107
2022,4016309,37 SADDLEMEAD WY NE,367500.0,RE,Residential,367500.0,SAD,SADDLE RIDGE,"{'type': 'MultiPolygon', 'coordinates': [[[[-113.9446791, 51.1274176], [-113.9447096, 51.1274258], [-113.9447378, 51.1274369], [-113.9447629, 51.1274507], [-113.9447843, 51.1274667], [-113.945035, 51.1272139], [-113.9449047, 51.1271901], [-113.9446791, 51.1274176]]]]}",R-1N,LI,283.3,3049.0,0.07,,2000.0,
2022,4016408,33 SADDLEMEAD WY NE,370500.0,RE,Residential,370500.0,SAD,SADDLE RIDGE,"{'type': 'MultiPolygon', 'coordinates': [[[[-113.944539, 51.1274036], [-113.9445749, 51.1274086], [-113.9446116, 51.1274104], [-113.9446458, 51.1274123], [-113.9446791, 51.1274176], [-113.9449047, 51.1271901], [-113.9447776, 51.127163], [-113.944539, 51.1274036]]]]}",R-1N,LI,280.2,3016.0,0.07,,2000.0,
